{"Mass":{"0":84370.8610696263,"1":89556.4287576893,"2":87587.9454763026,"3":86387.9263577733,"4":82404.1677639819,"5":82403.9506830258,"6":81522.7525095138,"7":88795.5853119744,"8":86410.0351056889,"9":87372.6532001644,"10":81185.2604486622,"11":89729.1886694579,"12":88491.9837672038,"13":82911.0519961045,"14":82636.4247048639,"15":82650.6405886809,"16":83738.1801866358,"17":85722.8078846901,"18":84887.505167779,"19":83621.0622617824,"20":86506.6760525014,"21":82255.4447458684,"22":83629.301836817,"23":84297.2565896432,"24":85104.6298579533,"25":88066.5836525371,"26":82797.0640394252,"27":85628.1099457225,"28":86331.7311197584,"29":81418.05371448,"30":86467.9036671129,"31":82534.7171131856,"32":81585.4643368675,"33":89539.96983528,"34":89690.688297671,"35":88275.5761330481,"36":83741.5239225603,"37":81879.0490260575,"38":87158.0972386094,"39":84961.3724436564,"40":82098.344113603,"41":85456.5921910014,"42":81309.496690037,"43":89183.883618709,"44":83329.0198344002,"45":86962.7005591858,"46":83805.3996848047,"47":85680.6121906003,"48":85920.3925140895,"49":82663.6900997297,"50":89726.261649881,"51":87976.19541025,"52":89455.4904740777,"53":89053.4461538488,"54":86381.0998092998,"55":89296.8681152081,"56":81796.4325184673,"57":82763.8457617723,"58":81407.0456001948,"59":83927.9729768694,"60":84498.0956072053,"61":83442.1412859651,"62":88458.6375823674,"63":84210.7799402423,"64":83528.4105871864,"65":85884.2647484242,"66":82268.3180247729,"67":88219.7728267864,"68":81670.9557931179,"69":89881.9824294047,"70":87950.2029236699,"71":82788.4411338076,"72":81049.6990541124,"73":88339.1528560935,"74":87361.7160946286,"75":87561.0645123689,"76":87941.4331201735,"77":81666.4018656068,"78":84226.1915568985,"79":82042.8215357262,"80":88767.9308328803,"81":86609.683141448,"82":83978.0822236738,"83":81572.0251525742,"84":83798.840895441,"85":83926.6498982407,"86":87566.4556050426,"87":86738.0172421969,"88":88984.9146831869,"89":85249.9343264575,"90":82076.3482134447,"91":87419.203085007,"92":87847.0654375521,"93":86051.4947781255,"94":87938.7046195911,"95":85444.1603672795,"96":85704.595464438,"97":84847.8691652269,"98":81228.7721406969,"99":81971.0228429397},"Sigma_est":{"0":38729.3722210934,"1":38729.3722210934,"2":38729.3722210934,"3":38729.3722210934,"4":38729.3722210934,"5":38729.3722210934,"6":38729.3722210934,"7":38729.3722210934,"8":38729.3722210934,"9":38729.3722210934,"10":38729.3722210934,"11":38729.3722210934,"12":38729.3722210934,"13":38729.3722210934,"14":38729.3722210934,"15":38729.3722210934,"16":38729.3722210934,"17":38729.3722210934,"18":38729.3722210934,"19":38729.3722210934,"20":38729.3722210934,"21":38729.3722210934,"22":38729.3722210934,"23":38729.3722210934,"24":38729.3722210934,"25":38729.3722210934,"26":38729.3722210934,"27":38729.3722210934,"28":38729.3722210934,"29":38729.3722210934,"30":38729.3722210934,"31":38729.3722210934,"32":38729.3722210934,"33":38729.3722210934,"34":38729.3722210934,"35":38729.3722210934,"36":38729.3722210934,"37":38729.3722210934,"38":38729.3722210934,"39":38729.3722210934,"40":38729.3722210934,"41":38729.3722210934,"42":38729.3722210934,"43":38729.3722210934,"44":38729.3722210934,"45":38729.3722210934,"46":38729.3722210934,"47":38729.3722210934,"48":38729.3722210934,"49":38729.3722210934,"50":38729.3722210934,"51":38729.3722210934,"52":38729.3722210934,"53":38729.3722210934,"54":38729.3722210934,"55":38729.3722210934,"56":38729.3722210934,"57":38729.3722210934,"58":38729.3722210934,"59":38729.3722210934,"60":38729.3722210934,"61":38729.3722210934,"62":38729.3722210934,"63":38729.3722210934,"64":38729.3722210934,"65":38729.3722210934,"66":38729.3722210934,"67":38729.3722210934,"68":38729.3722210934,"69":38729.3722210934,"70":38729.3722210934,"71":38729.3722210934,"72":38729.3722210934,"73":38729.3722210934,"74":38729.3722210934,"75":38729.3722210934,"76":38729.3722210934,"77":38729.3722210934,"78":38729.3722210934,"79":38729.3722210934,"80":38729.3722210934,"81":38729.3722210934,"82":38729.3722210934,"83":38729.3722210934,"84":38729.3722210934,"85":38729.3722210934,"86":38729.3722210934,"87":38729.3722210934,"88":38729.3722210934,"89":38729.3722210934,"90":38729.3722210934,"91":38729.3722210934,"92":38729.3722210934,"93":38729.3722210934,"94":38729.3722210934,"95":38729.3722210934,"96":38729.3722210934,"97":38729.3722210934,"98":38729.3722210934,"99":38729.3722210934},"Sigma_prio":{"0":39528.0,"1":39528.0,"2":39528.0,"3":39528.0,"4":39528.0,"5":39528.0,"6":39528.0,"7":39528.0,"8":39528.0,"9":39528.0,"10":39528.0,"11":39528.0,"12":39528.0,"13":39528.0,"14":39528.0,"15":39528.0,"16":39528.0,"17":39528.0,"18":39528.0,"19":39528.0,"20":39528.0,"21":39528.0,"22":39528.0,"23":39528.0,"24":39528.0,"25":39528.0,"26":39528.0,"27":39528.0,"28":39528.0,"29":39528.0,"30":39528.0,"31":39528.0,"32":39528.0,"33":39528.0,"34":39528.0,"35":39528.0,"36":39528.0,"37":39528.0,"38":39528.0,"39":39528.0,"40":39528.0,"41":39528.0,"42":39528.0,"43":39528.0,"44":39528.0,"45":39528.0,"46":39528.0,"47":39528.0,"48":39528.0,"49":39528.0,"50":39528.0,"51":39528.0,"52":39528.0,"53":39528.0,"54":39528.0,"55":39528.0,"56":39528.0,"57":39528.0,"58":39528.0,"59":39528.0,"60":39528.0,"61":39528.0,"62":39528.0,"63":39528.0,"64":39528.0,"65":39528.0,"66":39528.0,"67":39528.0,"68":39528.0,"69":39528.0,"70":39528.0,"71":39528.0,"72":39528.0,"73":39528.0,"74":39528.0,"75":39528.0,"76":39528.0,"77":39528.0,"78":39528.0,"79":39528.0,"80":39528.0,"81":39528.0,"82":39528.0,"83":39528.0,"84":39528.0,"85":39528.0,"86":39528.0,"87":39528.0,"88":39528.0,"89":39528.0,"90":39528.0,"91":39528.0,"92":39528.0,"93":39528.0,"94":39528.0,"95":39528.0,"96":39528.0,"97":39528.0,"98":39528.0,"99":39528.0},"Sigma_true":{"0":3952.8,"1":3952.8,"2":3952.8,"3":3952.8,"4":3952.8,"5":3952.8,"6":3952.8,"7":3952.8,"8":3952.8,"9":3952.8,"10":3952.8,"11":3952.8,"12":3952.8,"13":3952.8,"14":3952.8,"15":3952.8,"16":3952.8,"17":3952.8,"18":3952.8,"19":3952.8,"20":3952.8,"21":3952.8,"22":3952.8,"23":3952.8,"24":3952.8,"25":3952.8,"26":3952.8,"27":3952.8,"28":3952.8,"29":3952.8,"30":3952.8,"31":3952.8,"32":3952.8,"33":3952.8,"34":3952.8,"35":3952.8,"36":3952.8,"37":3952.8,"38":3952.8,"39":3952.8,"40":3952.8,"41":3952.8,"42":3952.8,"43":3952.8,"44":3952.8,"45":3952.8,"46":3952.8,"47":3952.8,"48":3952.8,"49":3952.8,"50":3952.8,"51":3952.8,"52":3952.8,"53":3952.8,"54":3952.8,"55":3952.8,"56":3952.8,"57":3952.8,"58":3952.8,"59":3952.8,"60":3952.8,"61":3952.8,"62":3952.8,"63":3952.8,"64":3952.8,"65":3952.8,"66":3952.8,"67":3952.8,"68":3952.8,"69":3952.8,"70":3952.8,"71":3952.8,"72":3952.8,"73":3952.8,"74":3952.8,"75":3952.8,"76":3952.8,"77":3952.8,"78":3952.8,"79":3952.8,"80":3952.8,"81":3952.8,"82":3952.8,"83":3952.8,"84":3952.8,"85":3952.8,"86":3952.8,"87":3952.8,"88":3952.8,"89":3952.8,"90":3952.8,"91":3952.8,"92":3952.8,"93":3952.8,"94":3952.8,"95":3952.8,"96":3952.8,"97":3952.8,"98":3952.8,"99":3952.8},"n":{"0":270.0,"1":170.0,"2":200.0,"3":150.0,"4":220.0,"5":170.0,"6":280.0,"7":170.0,"8":220.0,"9":180.0,"10":220.0,"11":150.0,"12":190.0,"13":210.0,"14":140.0,"15":200.0,"16":130.0,"17":160.0,"18":170.0,"19":240.0,"20":150.0,"21":230.0,"22":260.0,"23":270.0,"24":170.0,"25":180.0,"26":250.0,"27":210.0,"28":190.0,"29":140.0,"30":210.0,"31":240.0,"32":230.0,"33":230.0,"34":240.0,"35":150.0,"36":140.0,"37":210.0,"38":250.0,"39":190.0,"40":250.0,"41":200.0,"42":240.0,"43":240.0,"44":160.0,"45":210.0,"46":200.0,"47":220.0,"48":230.0,"49":200.0,"50":270.0,"51":210.0,"52":200.0,"53":250.0,"54":160.0,"55":220.0,"56":280.0,"57":120.0,"58":260.0,"59":170.0,"60":200.0,"61":220.0,"62":220.0,"63":190.0,"64":190.0,"65":170.0,"66":140.0,"67":160.0,"68":150.0,"69":240.0,"70":250.0,"71":210.0,"72":220.0,"73":230.0,"74":220.0,"75":220.0,"76":220.0,"77":120.0,"78":110.0,"79":230.0,"80":200.0,"81":190.0,"82":180.0,"83":170.0,"84":150.0,"85":180.0,"86":330.0,"87":150.0,"88":160.0,"89":190.0,"90":240.0,"91":200.0,"92":170.0,"93":210.0,"94":150.0,"95":230.0,"96":100.0,"97":180.0,"98":250.0,"99":190.0},