{"Mass":{"0":89437.0861069626,"1":89955.6428757689,"2":89758.7945476303,"3":89638.7926357773,"4":89240.4167763982,"5":89240.3950683026,"6":89152.2752509514,"7":89879.5585311974,"8":89641.0035105689,"9":89737.2653200164,"10":89118.5260448662,"11":89972.9188669458,"12":89849.1983767204,"13":89291.1051996105,"14":89263.6424704864,"15":89265.0640588681,"16":89373.8180186636,"17":89572.280788469,"18":89488.7505167779,"19":89362.1062261782},"Sigma_est":{"0":0.01,"1":0.0084515425,"2":0.01,"3":0.01,"4":0.0105409255,"5":0.0091287093,"6":0.0111803399,"7":0.0087705802,"8":0.0091287093,"9":0.0095346259,"10":0.0091287093,"11":0.0105409255,"12":0.0095346259,"13":0.0111803399,"14":0.01,"15":0.0095346259,"16":0.0129099445,"17":0.0119522861,"18":0.01,"19":0.0119522861},"Sigma_prio":{"0":39528.0,"1":39528.0,"2":39528.0,"3":39528.0,"4":39528.0,"5":39528.0,"6":39528.0,"7":39528.0,"8":39528.0,"9":39528.0,"10":39528.0,"11":39528.0,"12":39528.0,"13":39528.0,"14":39528.0,"15":39528.0,"16":39528.0,"17":39528.0,"18":39528.0,"19":39528.0},"Sigma_true":{"0":3952.8,"1":3952.8,"2":3952.8,"3":3952.8,"4":3952.8,"5":3952.8,"6":3952.8,"7":3952.8,"8":3952.8,"9":3952.8,"10":3952.8,"11":3952.8,"12":3952.8,"13":3952.8,"14":3952.8,"15":3952.8,"16":3952.8,"17":3952.8,"18":3952.8,"19":3952.8},"n":{"0":100.0,"1":140.0,"2":100.0,"3":100.0,"4":90.0,"5":120.0,"6":80.0,"7":130.0,"8":120.0,"9":110.0,"10":120.0,"11":90.0,"12":110.0,"13":80.0,"14":100.0,"15":110.0,"16":60.0,"17":70.0,"18":100.0,"19":70.0},"BF_true":{"0":75052.4811475421,"1":80298.1568562826,"2":75466.7624342798,"3":73473.4459293619,"4":84849.4164537931,"5":78163.5514394368,"6":79322.9254874904,"7":73424.2553695354,"8":76904.1639664969,"9":79494.4548126052,"10":74506.3525871651,"11":80541.0591269168,"12":76681.7953864889,"13":77902.9929458171,"14":76677.5741031796,"15":86377.6852077269,"16":79002.6481700559,"17":74875.0802400231,"18":82307.3555285615,"19":74230.2492203945},"BF_est":{"0":79090.7782667434,"1":70804.1364107342,"2":73075.2833831587,"3":79043.8050734846,"4":81074.2853392761,"5":79074.5053564804,"6":77628.6202550329,"7":77271.4706387581,"8":72606.7173246668,"9":75524.0989418371,"10":76596.9541408729,"11":82320.025816807,"12":79689.8827419665,"13":71197.2023829405,"14":79541.7120250493,"15":76835.4247470662,"16":75128.2748547384,"17":80326.4420496439,"18":82308.3415283149,"19":81571.9786893884},"BF_prio":{"0":79881.5960183348,"1":71309.815934328,"2":73805.9461859143,"3":79834.1530931435,"4":81975.0106974059,"5":79733.3845418877,"6":78598.8654693758,"7":77865.7973120747,"8":73211.6982764756,"9":76210.5998130574,"10":77235.1870661501,"11":83234.5927357981,"12":80414.2543750062,"13":72087.0548738822,"14":80337.0391142237,"15":77533.8467619704,"16":76380.2627171906,"17":81473.8340345302,"18":83131.334912522,"19":82737.1640548425}}